order_date,total_orders,revenue,avg_order_value
2022-01-01,6,3795.22,632.5366666666666
2022-01-02,4,1417.1499999999999,354.28749999999997
2022-01-03,8,3651.15,456.39375
2022-01-04,8,4906.6,613.325
2022-01-05,6,2536.66,422.77666666666664
2022-01-06,7,5031.83,718.8328571428572
2022-01-07,8,3719.12,464.89
2022-01-08,2,348.08,174.04
2022-01-09,8,3153.2400000000002,394.15500000000003
2022-01-10,6,3283.13,547.1883333333334
2022-01-11,2,452.73,226.365
2022-01-12,10,2974.47,297.447
2022-01-13,7,2274.67,324.95285714285717
2022-01-14,8,1618.52,202.315
2022-01-15,5,2977.91,595.582
2022-01-16,8,4770.19,596.27375
2022-01-17,5,1695.18,339.036
2022-01-18,10,6908.549999999999,690.8549999999999
2022-01-19,10,5370.56,537.056
2022-01-20,2,442.98,221.49
2022-01-21,2,848.38,424.19
2022-01-22,4,1533.94,383.485
2022-01-23,11,4392.23,399.2936363636363
2022-01-24,2,488.79,244.395
2022-01-25,8,4012.31,501.53875
2022-01-26,9,3089.68,343.29777777777775
2022-01-27,11,3745.26,340.47818181818184
2022-01-28,4,1755.1399999999999,438.78499999999997
2022-01-29,9,3797.51,421.9455555555556
2022-01-30,7,2721.55,388.79285714285714
2022-01-31,8,2826.11,353.26375
2022-02-01,4,1231.6,307.9
2022-02-02,10,3188.5,318.85
2022-02-03,7,5025.0199999999995,717.8599999999999
2022-02-04,7,2977.07,425.2957142857143
2022-02-05,3,469.45000000000005,156.48333333333335
2022-02-06,5,1859.25,371.85
2022-02-07,4,1068.44,267.11
2022-02-08,7,5289.05,755.5785714285714
2022-02-09,10,5563.98,556.3979999999999
2022-02-10,8,2224.97,278.12125
2022-02-11,10,4579.57,457.957
2022-02-12,10,2767.05,276.70500000000004
2022-02-13,10,4657.2,465.71999999999997
2022-02-14,4,3629.81,907.4525
2022-02-15,8,2973.54,371.6925
2022-02-16,7,2063.67,294.81
2022-02-17,7,3063.52,437.6457142857143
2022-02-18,9,5008.72,556.5244444444445
2022-02-19,7,3163.9,451.9857142857143
2022-02-20,9,3838.96,426.55111111111114
2022-02-21,5,1945.43,389.086
2022-02-22,15,7294.88,486.32533333333333
2022-02-23,6,1978.26,329.71
2022-02-24,9,3658.94,406.5488888888889
2022-02-25,4,1595.72,398.93
2022-02-26,3,474.13,158.04333333333332
2022-02-27,8,2433.05,304.13125
2022-02-28,6,1664.47,277.4116666666667
2022-03-01,10,3657.3399999999997,365.734
2022-03-02,9,1763.4,195.93333333333334
2022-03-03,4,703.64,175.91
2022-03-04,7,2053.2999999999997,293.32857142857137
2022-03-05,7,1853.46,264.78000000000003
2022-03-06,7,2320.83,331.54714285714283
2022-03-07,12,2630.59,219.21583333333334
2022-03-08,4,763.8299999999999,190.95749999999998
2022-03-09,10,1780.96,178.096
2022-03-10,8,2329.84,291.23
2022-03-11,9,2004.32,222.70222222222222
2022-03-12,3,418.75,139.58333333333334
2022-03-13,4,1260.95,315.2375
2022-03-14,7,1349.13,192.73285714285717
2022-03-15,13,5427.36,417.48923076923074
2022-03-16,7,1822.78,260.39714285714285
2022-03-17,7,1522.23,217.46142857142857
2022-03-18,9,2007.85,223.09444444444443
2022-03-19,9,2685.37,298.3744444444444
2022-03-20,9,2378.79,264.31
2022-03-21,8,1574.52,196.815
2022-03-22,8,2499.87,312.48375
2022-03-23,6,1653.27,275.545
2022-03-24,4,1693.51,423.3775
2022-03-25,8,2109.33,263.66625
2022-03-26,3,1105.31,368.43666666666667
2022-03-27,4,1904.18,476.045
2022-03-28,9,1970.06,218.89555555555555
2022-03-29,5,2995.7000000000003,599.1400000000001
2022-03-30,9,2206.1,245.1222222222222
2022-03-31,9,3182.78,353.64222222222224
2022-04-01,14,4143.9,295.99285714285713
2022-04-02,6,2396.88,399.48
2022-04-03,5,725.46,145.092
2022-04-04,11,3600.82,327.34727272727275
2022-04-05,10,2908.05,290.805
2022-04-06,10,1846.69,184.669
2022-04-07,8,1900.66,237.5825
2022-04-08,8,1053.97,131.74625
2022-04-09,3,1099.3799999999999,366.46
2022-04-10,8,1643.45,205.43125
2022-04-11,5,4191.55,838.3100000000001
2022-04-12,9,2218.92,246.54666666666668
2022-04-13,7,1810.03,258.5757142857143
2022-04-14,7,1266.5,180.92857142857142
2022-04-15,9,1908.42,212.04666666666668
2022-04-16,7,2238.28,319.75428571428574
2022-04-17,3,665.4,221.79999999999998
2022-04-18,8,2604.62,325.5775
2022-04-19,4,1632.99,408.2475
2022-04-20,5,1606.36,321.272
2022-04-21,6,972.1,162.01666666666668
2022-04-22,10,2039.3999999999999,203.94
2022-04-23,5,1484.94,296.988
2022-04-24,10,3527.12,352.712
2022-04-25,8,1879.52,234.94
2022-04-26,7,1776.48,253.78285714285715
2022-04-27,6,1124.44,187.40666666666667
2022-04-28,5,2176.58,435.316
2022-04-29,3,262.65,87.55
2022-04-30,10,3094.33,309.433
2022-05-01,6,1517.8799999999999,252.98
2022-05-02,10,2552.43,255.243
2022-05-03,12,2789.76,232.48000000000002
2022-05-04,6,3143.15,523.8583333333333
2022-05-05,8,2792.66,349.0825
2022-05-06,9,2824.39,313.8211111111111
2022-05-07,7,1594.34,227.76285714285714
2022-05-08,6,1361.97,226.995
2022-05-09,6,1888.3700000000001,314.72833333333335
2022-05-10,4,789.59,197.3975
2022-05-11,13,5975.900000000001,459.6846153846154
2022-05-12,10,1449.49,144.949
2022-05-13,13,3841.63,295.51
2022-05-14,6,1480.83,246.80499999999998
2022-05-15,9,2541.38,282.3755555555556
2022-05-16,14,3601.06,257.2185714285714
2022-05-17,4,528.1,132.025
2022-05-18,8,2580.63,322.57875
2022-05-19,8,1740.8700000000001,217.60875000000001
2022-05-20,8,3344.4,418.05
2022-05-21,12,3137.4,261.45
2022-05-22,3,940.51,313.50333333333333
2022-05-23,8,4059.7,507.4625
2022-05-24,7,1629.98,232.8542857142857
2022-05-25,7,1789.34,255.61999999999998
2022-05-26,14,6522.639999999999,465.9028571428571
2022-05-27,6,2034.77,339.12833333333333
2022-05-28,10,4083.55,408.355
2022-05-29,10,4580.349999999999,458.03499999999997
2022-05-30,6,1349.72,224.95333333333335
2022-05-31,7,1912.14,273.16285714285715
2022-06-01,8,2897.4,362.175
2022-06-02,6,2265.92,377.65333333333336
2022-06-03,10,3264.35,326.435
2022-06-04,10,3373.68,337.368
2022-06-05,8,4068.37,508.54625
2022-06-06,9,6170.78,685.6422222222222
2022-06-07,6,1333.84,222.30666666666664
2022-06-08,8,4418.13,552.26625
2022-06-09,7,2710.7599999999998,387.25142857142856
2022-06-10,5,2408.0099999999998,481.602
2022-06-11,9,4090.9700000000003,454.55222222222227
2022-06-12,6,2711.85,451.97499999999997
2022-06-13,6,2319.53,386.58833333333337
2022-06-14,9,2290.84,254.5377777777778
2022-06-15,12,5356.92,446.41
2022-06-16,4,1063.89,265.9725
2022-06-17,7,3970.82,567.26
2022-06-18,6,2922.18,487.03
2022-06-19,9,3627.17,403.0188888888889
2022-06-20,8,1781.29,222.66125
2022-06-22,5,2913.75,582.75
2022-06-23,7,2554.02,364.86
2022-06-24,8,5498.21,687.27625
2022-06-25,7,4427.65,632.5214285714285
2022-06-26,10,3694.0299999999997,369.40299999999996
2022-06-27,5,2543.25,508.65
2022-06-28,4,1359.93,339.9825
2022-06-29,6,1394.1100000000001,232.3516666666667
2022-06-30,6,3408.18,568.03
2022-07-01,10,5624.19,562.419
2022-07-02,10,4094.04,409.404
2022-07-03,9,4144.99,460.5544444444444
2022-07-04,8,2379.27,297.40875
2022-07-05,10,4508.44,450.84399999999994
2022-07-06,6,3038.9,506.48333333333335
2022-07-07,10,4887.62,488.762
2022-07-08,6,3027.92,504.65333333333336
2022-07-09,2,600.25,300.125
2022-07-10,6,1661.69,276.9483333333333
2022-07-11,10,3950.98,395.098
2022-07-12,6,1445.82,240.97
2022-07-13,6,2564.71,427.45166666666665
2022-07-14,4,1207.19,301.7975
2022-07-15,12,3221.23,268.43583333333333
2022-07-16,7,3156.95,450.99285714285713
2022-07-17,13,5609.36,431.48923076923074
2022-07-18,5,1639.51,327.902
2022-07-19,5,2478.5699999999997,495.71399999999994
2022-07-20,4,2107.85,526.9625
2022-07-21,8,3647.12,455.89
2022-07-22,14,8752.8,625.1999999999999
2022-07-23,8,4736.2,592.025
2022-07-24,5,1508.83,301.76599999999996
2022-07-25,9,5281.42,586.8244444444445
2022-07-26,9,5770.0599999999995,641.1177777777777
2022-07-27,13,6273.400000000001,482.5692307692308
2022-07-28,7,2943.45,420.49285714285713
2022-07-29,7,3336.3700000000003,476.62428571428575
2022-07-30,7,3342.26,477.46571428571434
2022-07-31,4,1073.75,268.4375
2022-08-01,11,4339.21,394.4736363636364
2022-08-02,7,1656.14,236.5914285714286
2022-08-03,3,1250.63,416.8766666666667
2022-08-04,8,2908.7599999999998,363.59499999999997
2022-08-05,5,1599.23,319.846
2022-08-06,3,2141.79,713.93
2022-08-07,4,979.85,244.9625
2022-08-08,5,3788.5699999999997,757.7139999999999
2022-08-09,9,4690.86,521.2066666666666
2022-08-10,4,1431.02,357.755
2022-08-11,6,2086.73,347.78833333333336
2022-08-12,8,2860.84,357.605
2022-08-13,5,2179.4700000000003,435.89400000000006
2022-08-14,6,2317.42,386.2366666666667
2022-08-15,6,1716.1399999999999,286.0233333333333
2022-08-16,7,2662.16,380.3085714285714
2022-08-17,8,5409.7,676.2125
2022-08-18,6,2863.54,477.25666666666666
2022-08-19,6,3295.86,549.3100000000001
2022-08-20,4,2775.31,693.8275
2022-08-21,10,4259.09,425.909
2022-08-22,6,1857.86,309.6433333333333
2022-08-23,7,3514.65,502.09285714285716
2022-08-24,6,1572.81,262.135
2022-08-25,5,2534.7,506.93999999999994
2022-08-26,9,1916.21,212.91222222222223
2022-08-27,11,5278.41,479.8554545454545
2022-08-28,5,2113.58,422.716
2022-08-29,3,1000.78,333.5933333333333
2022-08-30,5,2835.8,567.1600000000001
2022-08-31,8,4695.85,586.98125
2022-09-01,6,1353.53,225.58833333333334
2022-09-02,9,3109.1,345.4555555555555
2022-09-03,5,800.5799999999999,160.11599999999999
2022-09-04,9,2238.2,248.68888888888887
2022-09-05,13,3247.5,249.80769230769232
2022-09-06,8,2944.36,368.045
2022-09-07,4,1550.24,387.56
2022-09-08,5,1307.42,261.48400000000004
2022-09-09,14,5338.66,381.3328571428571
2022-09-10,5,1947.52,389.504
2022-09-11,9,2353.08,261.4533333333333
2022-09-12,8,2466.04,308.255
2022-09-13,4,2881.9300000000003,720.4825000000001
2022-09-14,4,861.66,215.415
2022-09-15,14,4018.65,287.0464285714286
2022-09-16,5,991.14,198.228
2022-09-17,9,1897.6699999999998,210.8522222222222
2022-09-18,6,1106.67,184.44500000000002
2022-09-19,4,2788.3799999999997,697.0949999999999
2022-09-20,8,3018.7,377.3375
2022-09-21,7,2142.2,306.0285714285714
2022-09-22,3,849.06,283.02
2022-09-23,6,2136.42,356.07
2022-09-24,4,1469.3999999999999,367.34999999999997
2022-09-25,11,2657.69,241.60818181818183
2022-09-26,9,2730.95,303.43888888888887
2022-09-27,6,1779.98,296.66333333333336
2022-09-28,6,1236.24,206.04
2022-09-29,6,903.46,150.57666666666668
2022-09-30,5,2698.93,539.786
2022-10-01,5,770.6899999999999,154.13799999999998
2022-10-02,8,3787.84,473.48
2022-10-03,12,3991.9,332.65833333333336
2022-10-04,10,3829.48,382.948
2022-10-05,6,2077.67,346.27833333333336
2022-10-06,3,912.22,304.0733333333333
2022-10-07,8,3403.75,425.46875
2022-10-08,4,1327.05,331.7625
2022-10-09,7,857.81,122.5442857142857
2022-10-10,9,2610.19,290.0211111111111
2022-10-11,7,2303.31,329.0442857142857
2022-10-12,4,984.76,246.19
2022-10-13,7,2848.5099999999998,406.92999999999995
2022-10-14,10,3743.99,374.399
2022-10-15,5,1303.5600000000002,260.71200000000005
2022-10-16,5,692.15,138.43
2022-10-17,14,3199.86,228.5614285714286
2022-10-18,8,2734.0,341.75
2022-10-19,10,4749.0,474.9
2022-10-20,16,3724.54,232.78375
2022-10-21,6,2976.01,496.0016666666667
2022-10-22,6,2712.2599999999998,452.0433333333333
2022-10-23,7,2027.76,289.68
2022-10-24,10,2051.97,205.19699999999997
2022-10-25,8,2910.3,363.7875
2022-10-26,10,2336.46,233.64600000000002
2022-10-27,7,2053.6,293.37142857142857
2022-10-28,3,546.59,182.1966666666667
2022-10-29,3,1399.37,466.45666666666665
2022-10-30,9,3572.29,396.9211111111111
2022-10-31,2,1246.26,623.13
2022-11-01,13,4443.29,341.79153846153844
2022-11-02,6,2946.14,491.0233333333333
2022-11-03,9,3416.21,379.5788888888889
2022-11-04,8,4775.93,596.99125
2022-11-05,9,3659.84,406.6488888888889
2022-11-06,4,1165.79,291.4475
2022-11-07,4,894.63,223.6575
2022-11-08,13,5569.8,428.44615384615383
2022-11-09,8,2776.82,347.1025
2022-11-10,7,3492.12,498.8742857142857
2022-11-11,3,1089.93,363.31
2022-11-12,12,4126.75,343.8958333333333
2022-11-13,6,3815.48,635.9133333333333
2022-11-14,8,3209.9,401.2375
2022-11-15,7,2364.12,337.7314285714286
2022-11-16,6,2028.1599999999999,338.02666666666664
2022-11-17,4,2154.03,538.5075
2022-11-18,7,3936.96,562.4228571428572
2022-11-19,6,2385.91,397.65166666666664
2022-11-20,13,7853.48,604.1138461538461
2022-11-21,5,1730.97,346.194
2022-11-22,11,3119.05,283.55
2022-11-23,8,3095.09,386.88625
2022-11-24,9,3350.17,372.24111111111114
2022-11-25,13,6254.5,481.11538461538464
2022-11-26,9,3736.63,415.18111111111114
2022-11-27,4,1400.52,350.13
2022-11-28,6,1727.49,287.915
2022-11-29,6,4099.73,683.2883333333333
2022-11-30,5,1593.82,318.764
2022-12-01,5,2672.37,534.4739999999999
2022-12-02,4,2591.31,647.8275
2022-12-03,10,5787.7,578.77
2022-12-04,8,3464.66,433.0825
2022-12-05,5,863.5899999999999,172.718
2022-12-06,7,2664.07,380.5814285714286
2022-12-07,4,2491.69,622.9225
2022-12-08,3,1082.27,360.75666666666666
2022-12-09,9,4123.37,458.15222222222224
2022-12-10,9,4406.18,489.5755555555556
2022-12-11,11,5136.21,466.9281818181818
2022-12-12,7,1846.3999999999999,263.77142857142854
2022-12-13,12,5777.81,481.4841666666667
2022-12-14,7,2977.19,425.3128571428571
2022-12-15,7,2619.64,374.2342857142857
2022-12-16,6,1150.11,191.68499999999997
2022-12-17,3,1021.68,340.56
2022-12-18,8,3022.98,377.8725
2022-12-19,3,2596.38,865.46
2022-12-20,14,5760.89,411.4921428571429
2022-12-21,10,4232.75,423.275
2022-12-22,7,4819.0,688.4285714285714
2022-12-23,8,3221.4300000000003,402.67875000000004
2022-12-24,10,5241.89,524.1890000000001
2022-12-25,6,1973.99,328.99833333333333
2022-12-26,14,8843.86,631.7042857142858
2022-12-27,10,3905.56,390.556
2022-12-28,5,2383.45,476.68999999999994
2022-12-29,11,5892.56,535.6872727272728
2022-12-30,10,2923.61,292.361
2022-12-31,11,4620.03,420.00272727272727
2023-01-01,7,2579.05,368.4357142857143
2023-01-02,6,1440.42,240.07000000000002
2023-01-03,6,2637.24,439.53999999999996
2023-01-04,10,5728.110000000001,572.811
2023-01-05,14,7568.7,540.6214285714285
2023-01-06,5,2058.5,411.7
2023-01-07,10,5532.22,553.222
2023-01-08,8,5563.81,695.47625
2023-01-09,7,3336.62,476.65999999999997
2023-01-10,7,2068.92,295.56
2023-01-11,10,5479.36,547.9359999999999
2023-01-12,9,3967.66,440.8511111111111
2023-01-13,4,2908.3,727.075
2023-01-14,8,3776.48,472.06
2023-01-15,6,1835.95,305.9916666666667
2023-01-16,20,9148.94,457.447
2023-01-17,8,3958.14,494.7675
2023-01-18,12,5658.65,471.5541666666666
2023-01-19,10,4724.72,472.47200000000004
2023-01-20,9,2396.41,266.2677777777778
2023-01-21,10,4415.51,441.55100000000004
2023-01-22,10,4120.55,412.055
2023-01-23,9,3235.57,359.5077777777778
2023-01-24,9,7641.72,849.08
2023-01-25,10,4883.67,488.367
2023-01-26,7,4375.8,625.1142857142858
2023-01-27,5,1596.56,319.312
2023-01-28,10,3537.5,353.75
2023-01-29,6,1838.87,306.4783333333333
2023-01-30,9,3779.0,419.8888888888889
2023-01-31,7,4263.58,609.0828571428572
2023-02-01,12,6007.15,500.5958333333333
2023-02-02,5,1837.15,367.43
2023-02-03,10,4070.86,407.086
2023-02-04,7,2051.37,293.05285714285714
2023-02-05,6,2537.18,422.8633333333333
2023-02-06,8,4644.65,580.58125
2023-02-07,6,1517.3999999999999,252.89999999999998
2023-02-08,4,1779.5500000000002,444.88750000000005
2023-02-09,6,4384.59,730.765
2023-02-10,9,4081.36,453.4844444444445
2023-02-11,9,6092.67,676.9633333333334
2023-02-12,6,2364.98,394.16333333333336
2023-02-13,4,3371.75,842.9375
2023-02-14,7,5037.26,719.6085714285715
2023-02-15,10,5906.37,590.637
2023-02-16,6,3816.35,636.0583333333333
2023-02-17,5,2098.65,419.73
2023-02-18,3,1142.39,380.7966666666667
2023-02-19,6,1955.6,325.93333333333334
2023-02-20,9,4150.7,461.18888888888887
2023-02-21,6,3605.4500000000003,600.9083333333334
2023-02-22,5,1425.75,285.15
2023-02-23,15,4666.2300000000005,311.08200000000005
2023-02-24,8,4035.5,504.4375
2023-02-25,9,4126.33,458.4811111111111
2023-02-26,11,5556.13,505.1027272727273
2023-02-27,4,1913.73,478.4325
2023-02-28,7,4428.58,632.6542857142857
2023-03-01,4,1034.49,258.6225
2023-03-02,7,1448.91,206.98714285714286
2023-03-03,12,3499.61,291.63416666666666
2023-03-04,9,2799.83,311.09222222222223
2023-03-05,13,5123.81,394.1392307692308
2023-03-06,8,2333.52,291.69
2023-03-07,11,3627.7799999999997,329.7981818181818
2023-03-08,11,2402.94,218.44909090909093
2023-03-09,7,1480.81,211.5442857142857
2023-03-10,10,2111.46,211.14600000000002
2023-03-11,4,860.14,215.035
2023-03-12,6,928.3,154.71666666666667
2023-03-13,12,3029.84,252.48666666666668
2023-03-14,3,633.24,211.08
2023-03-15,14,5428.92,387.78000000000003
2023-03-16,8,1555.72,194.465
2023-03-17,4,1717.92,429.48
2023-03-18,16,3676.0,229.75
2023-03-19,5,1575.8999999999999,315.17999999999995
2023-03-20,3,1189.04,396.34666666666664
2023-03-21,9,2250.18,250.01999999999998
2023-03-22,3,1293.02,431.00666666666666
2023-03-23,5,1980.1100000000001,396.02200000000005
2023-03-24,9,2597.39,288.5988888888889
2023-03-25,5,2807.49,561.4979999999999
2023-03-26,6,1398.8,233.13333333333333
2023-03-27,4,843.4200000000001,210.85500000000002
2023-03-28,6,2281.02,380.17
2023-03-29,5,1342.99,268.598
2023-03-30,4,1997.58,499.395
2023-03-31,6,1583.2,263.8666666666667
2023-04-01,7,1604.01,229.1442857142857
2023-04-02,8,1439.68,179.96
2023-04-03,5,1388.55,277.71
2023-04-04,7,2444.64,349.2342857142857
2023-04-05,9,2264.63,251.62555555555556
2023-04-06,5,1197.93,239.586
2023-04-07,5,2700.4,540.08
2023-04-08,8,2234.61,279.32625
2023-04-09,3,708.5699999999999,236.18999999999997
2023-04-10,7,1870.12,267.15999999999997
2023-04-11,7,1359.17,194.16714285714286
2023-04-12,8,1600.3799999999999,200.04749999999999
2023-04-13,11,2854.44,259.49454545454546
2023-04-14,6,1602.1499999999999,267.025
2023-04-15,9,2873.14,319.23777777777775
2023-04-16,11,2836.05,257.82272727272726
2023-04-17,2,444.65,222.325
2023-04-18,10,2815.55,281.555
2023-04-19,8,1702.23,212.77875
2023-04-20,11,3160.3,287.3
2023-04-21,4,1719.9299999999998,429.98249999999996
2023-04-22,8,2160.11,270.01375
2023-04-23,8,2294.33,286.79125
2023-04-24,7,1196.06,170.8657142857143
2023-04-25,7,3025.4,432.2
2023-04-26,8,3469.4,433.675
2023-04-27,9,4447.95,494.21666666666664
2023-04-28,4,1498.68,374.67
2023-04-29,2,418.58,209.29
2023-04-30,8,3663.1600000000003,457.89500000000004
2023-05-01,9,1767.82,196.42444444444445
2023-05-02,13,4651.92,357.84000000000003
2023-05-03,4,1096.67,274.1675
2023-05-04,9,2869.09,318.7877777777778
2023-05-05,10,3728.26,372.826
2023-05-06,4,1958.1399999999999,489.53499999999997
2023-05-07,8,1830.8,228.85
2023-05-08,11,2443.21,222.11
2023-05-09,7,2152.08,307.44
2023-05-10,11,3885.67,353.2427272727273
2023-05-11,10,3563.03,356.303
2023-05-12,9,2361.46,262.38444444444445
2023-05-13,5,1041.94,208.388
2023-05-14,7,2514.29,359.1842857142857
2023-05-15,6,3038.97,506.49499999999995
2023-05-16,10,3565.92,356.592
2023-05-17,6,2204.95,367.4916666666666
2023-05-18,9,3438.62,382.06888888888886
2023-05-19,3,948.73,316.24333333333334
2023-05-20,4,633.78,158.445
2023-05-21,6,1320.13,220.02166666666668
2023-05-22,4,747.36,186.84
2023-05-23,8,2784.75,348.09375
2023-05-24,7,1154.85,164.97857142857143
2023-05-25,8,1989.3899999999999,248.67374999999998
2023-05-26,9,1650.3300000000002,183.37
2023-05-27,6,1413.12,235.51999999999998
2023-05-28,5,4496.74,899.348
2023-05-29,10,3036.2799999999997,303.628
2023-05-30,8,3023.54,377.9425
2023-05-31,6,1025.03,170.83833333333334
2023-06-01,7,3963.93,566.2757142857142
2023-06-02,6,5155.75,859.2916666666666
2023-06-03,9,6393.71,710.4122222222222
2023-06-04,5,948.01,189.602
2023-06-05,5,2259.1800000000003,451.83600000000007
2023-06-06,3,660.83,220.27666666666667
2023-06-07,9,2271.91,252.43444444444444
2023-06-08,6,2635.87,439.31166666666667
2023-06-09,5,2442.59,488.51800000000003
2023-06-10,4,1636.02,409.005
2023-06-11,6,3313.68,552.28
2023-06-12,8,5217.14,652.1425
2023-06-13,4,1371.44,342.86
2023-06-14,4,1221.21,305.3025
2023-06-15,6,2221.68,370.28
2023-06-16,10,3993.43,399.34299999999996
2023-06-17,8,3790.67,473.83375
2023-06-18,9,3542.06,393.5622222222222
2023-06-19,11,4785.66,435.06
2023-06-20,9,4193.11,465.90111111111105
2023-06-21,4,3600.2999999999997,900.0749999999999
2023-06-22,5,3448.2200000000003,689.644
2023-06-23,4,794.82,198.705
2023-06-24,5,2190.99,438.198
2023-06-25,8,2161.2,270.15
2023-06-26,6,2583.08,430.5133333333333
2023-06-27,6,2497.85,416.30833333333334
2023-06-28,12,5458.63,454.8858333333333
2023-06-29,4,858.37,214.5925
2023-06-30,5,1876.21,375.242
2023-07-01,9,4447.63,494.18111111111114
2023-07-02,6,981.3100000000001,163.55166666666668
2023-07-03,4,1455.42,363.855
2023-07-04,11,7079.53,643.5936363636364
2023-07-05,10,3576.08,357.608
2023-07-06,9,7256.26,806.2511111111112
2023-07-07,4,2363.7599999999998,590.9399999999999
2023-07-08,6,4839.0,806.5
2023-07-09,6,3820.41,636.735
2023-07-10,8,3494.71,436.83875
2023-07-11,12,5954.68,496.22333333333336
2023-07-12,7,2714.27,387.7528571428571
2023-07-13,12,6260.12,521.6766666666666
2023-07-14,7,1903.25,271.89285714285717
2023-07-15,12,5880.98,490.08166666666665
2023-07-16,4,1205.31,301.3275
2023-07-17,11,4612.74,419.34
2023-07-18,8,2815.37,351.92125
2023-07-19,12,3996.57,333.0475
2023-07-20,7,2797.9300000000003,399.70428571428573
2023-07-21,8,2902.76,362.845
2023-07-22,8,6147.88,768.485
2023-07-23,13,6653.23,511.786923076923
2023-07-24,8,3951.32,493.915
2023-07-25,11,3886.04,353.2763636363636
2023-07-26,10,5498.3,549.83
2023-07-27,8,3732.09,466.51125
2023-07-28,5,1451.85,290.37
2023-07-29,7,3115.2799999999997,445.03999999999996
2023-07-30,5,2047.56,409.512
2023-07-31,9,3933.42,437.0466666666667
2023-08-01,4,1452.58,363.145
2023-08-02,10,2858.49,285.849
2023-08-03,7,3483.0,497.57142857142856
2023-08-04,4,1606.78,401.695
2023-08-05,7,2500.17,357.1671428571429
2023-08-06,6,2989.35,498.22499999999997
2023-08-07,5,1504.01,300.802
2023-08-08,7,2651.9,378.84285714285716
2023-08-09,6,911.66,151.94333333333333
2023-08-10,4,1129.78,282.445
2023-08-11,5,1506.52,301.304
2023-08-12,5,1527.51,305.502
2023-08-13,4,1391.71,347.9275
2023-08-14,11,3719.14,338.1036363636363
2023-08-15,7,4194.26,599.1800000000001
2023-08-16,8,3826.39,478.29875
2023-08-17,8,3927.9500000000003,490.99375000000003
2023-08-18,5,3186.3199999999997,637.2639999999999
2023-08-19,7,2915.87,416.55285714285714
2023-08-20,13,5626.92,432.84000000000003
2023-08-21,6,2556.35,426.05833333333334
2023-08-22,8,4137.3,517.1625
2023-08-23,7,3746.68,535.24
2023-08-24,12,4131.49,344.2908333333333
2023-08-25,6,2928.59,488.09833333333336
2023-08-26,4,2259.04,564.76
2023-08-27,7,2601.54,371.6485714285714
2023-08-28,7,3567.5099999999998,509.6442857142857
2023-08-29,3,2169.57,723.19
2023-08-30,9,2424.97,269.44111111111107
2023-08-31,8,4402.47,550.30875
2023-09-01,7,1570.38,224.34
2023-09-02,7,1445.19,206.4557142857143
2023-09-03,9,1644.67,182.7411111111111
2023-09-04,7,1697.97,242.56714285714287
2023-09-05,9,969.2099999999999,107.69
2023-09-06,8,2150.05,268.75625
2023-09-07,8,2000.79,250.09875
2023-09-08,6,2741.53,456.9216666666667
2023-09-09,2,1053.78,526.89
2023-09-10,3,431.3,143.76666666666668
2023-09-11,9,1394.6599999999999,154.9622222222222
2023-09-12,5,1334.7,266.94
2023-09-13,8,1613.26,201.6575
2023-09-14,10,5620.18,562.018
2023-09-15,14,4002.22,285.87285714285713
2023-09-16,9,1600.71,177.85666666666668
2023-09-17,4,2068.17,517.0425
2023-09-18,6,928.09,154.68166666666667
2023-09-19,9,3122.3,346.9222222222222
2023-09-20,7,2360.89,337.27
2023-09-21,5,2827.75,565.55
2023-09-22,10,4845.03,484.503
2023-09-23,10,2579.34,257.934
2023-09-24,4,881.9300000000001,220.48250000000002
2023-09-25,6,1054.23,175.705
2023-09-26,5,1651.75,330.35
2023-09-27,7,2210.38,315.7685714285714
2023-09-28,6,1249.32,208.22
2023-09-29,9,2144.97,238.32999999999998
2023-09-30,7,1395.0,199.28571428571428
2023-10-01,3,1335.92,445.3066666666667
2023-10-02,12,3837.92,319.82666666666665
2023-10-03,12,1855.37,154.61416666666665
2023-10-04,5,1044.49,208.898
2023-10-05,7,2071.56,295.9371428571429
2023-10-06,7,1439.8400000000001,205.6914285714286
2023-10-07,9,2045.02,227.22444444444443
2023-10-08,7,3993.5099999999998,570.5014285714285
2023-10-09,6,3361.59,560.265
2023-10-10,5,1499.89,299.978
2023-10-11,8,2317.18,289.6475
2023-10-12,11,3114.9,283.1727272727273
2023-10-13,8,1872.15,234.01875
2023-10-14,5,1959.28,391.856
2023-10-15,5,2902.45,580.49
2023-10-16,9,2658.25,295.3611111111111
2023-10-17,4,468.02,117.005
2023-10-18,5,738.04,147.608
2023-10-19,15,3905.46,260.364
2023-10-20,10,2303.9,230.39000000000001
2023-10-21,3,510.12,170.04
2023-10-22,10,3312.23,331.223
2023-10-23,7,2077.7,296.8142857142857
2023-10-24,4,1185.0,296.25
2023-10-25,6,1264.58,210.76333333333332
2023-10-26,9,3281.21,364.5788888888889
2023-10-27,7,1097.31,156.75857142857143
2023-10-28,9,1732.19,192.46555555555557
2023-10-29,8,1730.7,216.3375
2023-10-30,8,1851.66,231.4575
2023-10-31,9,2134.76,237.1955555555556
2023-11-01,13,5821.64,447.8184615384616
2023-11-02,5,1774.36,354.87199999999996
2023-11-03,7,2339.41,334.20142857142855
2023-11-04,7,5999.69,857.0985714285714
2023-11-05,9,3784.17,420.46333333333337
2023-11-06,12,6256.8,521.4
2023-11-07,13,6562.54,504.8107692307692
2023-11-08,6,3424.45,570.7416666666667
2023-11-09,10,7249.5199999999995,724.952
2023-11-10,10,3880.0,388.0
2023-11-11,2,300.99,150.495
2023-11-12,4,1341.1100000000001,335.27750000000003
2023-11-13,7,1704.72,243.53142857142856
2023-11-14,4,1265.65,316.4125
2023-11-15,8,2172.64,271.58
2023-11-16,7,1752.3899999999999,250.34142857142857
2023-11-17,10,5240.26,524.0260000000001
2023-11-18,8,3857.02,482.1275
2023-11-19,5,1290.78,258.156
2023-11-20,11,3812.68,346.6072727272727
2023-11-21,6,2006.59,334.4316666666667
2023-11-22,14,8786.92,627.6371428571429
2023-11-23,3,527.2,175.73333333333335
2023-11-24,13,5658.1900000000005,435.24538461538464
2023-11-25,7,4358.75,622.6785714285714
2023-11-26,6,1540.6000000000001,256.7666666666667
2023-11-27,4,2076.31,519.0775
2023-11-28,9,5514.280000000001,612.6977777777779
2023-11-29,6,2038.6299999999999,339.77166666666665
2023-11-30,8,4032.56,504.07
2023-12-01,9,4226.84,469.6488888888889
2023-12-02,8,3959.48,494.935
2023-12-03,8,4094.06,511.7575
2023-12-04,9,5104.11,567.1233333333333
2023-12-05,9,3820.47,424.49666666666667
2023-12-06,5,1703.1299999999999,340.626
2023-12-07,4,1822.54,455.635
2023-12-08,5,1872.67,374.534
2023-12-09,9,4629.44,514.3822222222221
2023-12-10,8,2470.83,308.85375
2023-12-11,10,6534.72,653.472
2023-12-12,4,1967.07,491.7675
2023-12-13,5,2144.77,428.954
2023-12-14,5,1910.41,382.082
2023-12-15,5,2610.43,522.086
2023-12-16,7,2396.0,342.2857142857143
2023-12-17,7,4142.98,591.8542857142857
2023-12-18,4,1586.47,396.6175
2023-12-19,2,940.41,470.205
2023-12-20,6,3153.35,525.5583333333333
2023-12-21,4,1319.25,329.8125
2023-12-22,8,2990.25,373.78125
2023-12-23,10,4914.26,491.42600000000004
2023-12-24,3,810.77,270.25666666666666
2023-12-25,14,7189.57,513.5407142857142
2023-12-26,7,2872.37,410.3385714285714
2023-12-27,5,1505.63,301.12600000000003
2023-12-28,9,4854.42,539.38
2023-12-29,7,3310.98,472.9971428571429
2023-12-30,5,3594.7799999999997,718.9559999999999
2023-12-31,12,4055.08,337.92333333333335
2024-01-01,6,2216.29,369.38166666666666
2024-01-02,7,2578.78,368.3971428571429
2024-01-03,5,1973.8799999999999,394.77599999999995
2024-01-04,10,4173.56,417.35600000000005
2024-01-05,9,3389.52,376.61333333333334
2024-01-06,8,2997.43,374.67875
2024-01-07,9,2883.04,320.3377777777778
2024-01-08,12,3221.47,268.4558333333333
2024-01-09,10,3964.84,396.48400000000004
2024-01-10,8,3456.86,432.1075
2024-01-11,11,3867.95,351.6318181818182
2024-01-12,3,1374.39,458.13000000000005
2024-01-13,5,1402.57,280.514
2024-01-14,8,5161.8,645.225
2024-01-15,10,3183.5099999999998,318.351
2024-01-16,5,1332.42,266.48400000000004
2024-01-17,6,3031.11,505.185
2024-01-18,7,3763.7599999999998,537.68
2024-01-19,8,4579.15,572.39375
2024-01-20,7,2790.79,398.6842857142857
2024-01-21,11,6070.92,551.9018181818182
2024-01-22,3,344.42999999999995,114.80999999999999
2024-01-23,11,4887.9,444.3545454545454
2024-01-24,10,5565.64,556.5640000000001
2024-01-25,3,680.0699999999999,226.68999999999997
2024-01-26,5,1559.85,311.96999999999997
2024-01-27,15,6842.62,456.17466666666667
2024-01-28,6,3218.87,536.4783333333334
2024-01-29,3,387.03,129.01
2024-01-30,6,2062.89,343.815
2024-01-31,5,1444.5,288.9
2024-02-01,5,3331.64,666.328
2024-02-02,4,1154.52,288.63
2024-02-03,6,3100.79,516.7983333333333
2024-02-04,10,4038.79,403.879
2024-02-05,6,1600.42,266.7366666666667
2024-02-06,7,4994.54,713.5057142857142
2024-02-07,7,3426.88,489.55428571428575
2024-02-08,10,5011.05,501.105
2024-02-09,5,2538.61,507.72200000000004
2024-02-10,11,3063.83,278.53
2024-02-11,12,5101.13,425.0941666666667
2024-02-12,8,3137.75,392.21875
2024-02-13,5,1529.42,305.884
2024-02-14,8,6640.9800000000005,830.1225000000001
2024-02-15,5,2115.05,423.01000000000005
2024-02-16,6,2181.56,363.5933333333333
2024-02-17,10,4665.139999999999,466.51399999999995
2024-02-18,8,2859.91,357.48875
2024-02-19,7,4207.43,601.0614285714286
2024-02-20,3,678.5500000000001,226.18333333333337
2024-02-21,4,1706.63,426.6575
2024-02-22,12,5662.5,471.875
2024-02-23,4,1575.94,393.985
2024-02-24,8,3609.89,451.23625
2024-02-25,8,2434.9700000000003,304.37125000000003
2024-02-26,10,6194.54,619.454
2024-02-27,10,3160.36,316.036
2024-02-28,11,3720.55,338.2318181818182
2024-02-29,9,4127.3,458.5888888888889
2024-03-01,6,1938.48,323.08
2024-03-02,6,977.01,162.835
2024-03-03,9,2303.76,255.97333333333336
2024-03-04,4,1533.95,383.4875
2024-03-05,4,932.79,233.1975
2024-03-06,7,2610.73,372.9614285714286
2024-03-07,5,1822.15,364.43
2024-03-08,7,1302.32,186.04571428571427
2024-03-09,5,1085.67,217.13400000000001
2024-03-10,9,3639.82,404.4244444444445
2024-03-11,11,4108.69,373.5172727272727
2024-03-12,6,968.39,161.39833333333334
2024-03-13,7,2373.63,339.09000000000003
2024-03-14,5,3061.3,612.26
2024-03-15,10,2910.2400000000002,291.024
2024-03-16,3,1134.47,378.1566666666667
2024-03-17,10,4149.5,414.95
2024-03-18,8,4325.41,540.67625
2024-03-19,4,1528.51,382.1275
2024-03-20,3,903.6600000000001,301.22
2024-03-21,6,2533.02,422.17
2024-03-22,6,2709.18,451.53
2024-03-23,8,2532.52,316.565
2024-03-24,2,130.89000000000001,65.44500000000001
2024-03-25,6,1991.6599999999999,331.9433333333333
2024-03-26,8,1538.31,192.28875
2024-03-27,12,2825.0299999999997,235.41916666666665
2024-03-28,8,2427.67,303.45875
2024-03-29,14,3189.43,227.81642857142856
2024-03-30,4,759.73,189.9325
2024-03-31,12,4448.98,370.7483333333333
2024-04-01,7,1662.7,237.52857142857144
2024-04-02,11,2888.56,262.5963636363636
2024-04-03,6,1517.19,252.865
2024-04-04,11,4578.95,416.2681818181818
2024-04-05,14,5654.41,403.88642857142855
2024-04-06,6,1646.63,274.43833333333333
2024-04-07,7,1671.85,238.83571428571426
2024-04-08,6,1204.13,200.68833333333336
2024-04-09,3,2361.51,787.1700000000001
2024-04-10,8,1291.16,161.395
2024-04-11,7,1958.1599999999999,279.7371428571428
2024-04-12,4,1180.31,295.0775
2024-04-13,2,360.64,180.32
2024-04-14,11,3759.05,341.7318181818182
2024-04-15,10,2532.71,253.27100000000002
2024-04-16,9,1680.62,186.73555555555555
2024-04-17,5,1228.8,245.76
2024-04-18,5,2029.52,405.904
2024-04-19,7,3042.65,434.6642857142857
2024-04-20,7,2256.54,322.36285714285714
2024-04-21,10,3823.39,382.339
2024-04-22,5,1342.75,268.55
2024-04-23,8,1538.96,192.37
2024-04-24,7,2361.98,337.42571428571426
2024-04-25,9,2540.71,282.30111111111114
2024-04-26,6,1246.6299999999999,207.77166666666665
2024-04-27,4,369.21,92.3025
2024-04-28,10,2528.11,252.811
2024-04-29,10,2768.84,276.884
2024-04-30,9,2640.18,293.3533333333333
2024-05-01,7,1512.9,216.12857142857143
2024-05-02,5,951.68,190.33599999999998
2024-05-03,13,3355.5499999999997,258.11923076923074
2024-05-04,5,1735.66,347.132
2024-05-05,3,721.24,240.41333333333333
2024-05-06,8,2010.53,251.31625
2024-05-07,7,2447.5,349.64285714285717
2024-05-08,7,2914.56,416.36571428571426
2024-05-09,7,973.5600000000001,139.08
2024-05-11,9,1449.19,161.0211111111111
2024-05-12,7,2203.2,314.74285714285713
2024-05-13,8,1852.28,231.535
2024-05-14,9,1146.62,127.4022222222222
2024-05-15,7,2002.7,286.1
2024-05-16,9,2958.7200000000003,328.74666666666667
2024-05-17,6,1375.74,229.29
2024-05-18,7,1771.45,253.06428571428572
2024-05-19,6,1513.91,252.31833333333336
2024-05-20,8,1799.3700000000001,224.92125000000001
2024-05-21,4,1504.8,376.2
2024-05-22,4,906.22,226.555
2024-05-23,9,2373.2799999999997,263.69777777777773
2024-05-24,12,3408.94,284.0783333333333
2024-05-25,11,2509.23,228.1118181818182
2024-05-26,7,1642.75,234.67857142857142
2024-05-27,9,2825.41,313.9344444444444
2024-05-28,7,1867.89,266.8414285714286
2024-05-29,13,6262.7,481.74615384615385
2024-05-30,9,2411.95,267.9944444444444
2024-05-31,9,2997.62,333.06888888888886
2024-06-01,11,4096.84,372.44
2024-06-02,4,928.11,232.0275
2024-06-03,7,2844.1,406.3
2024-06-04,4,2515.43,628.8575
2024-06-05,11,5377.26,488.8418181818182
2024-06-06,7,3301.5499999999997,471.65
2024-06-07,5,3029.06,605.812
2024-06-08,6,1667.72,277.9533333333333
2024-06-09,8,5567.59,695.94875
2024-06-10,5,601.51,120.30199999999999
2024-06-11,13,4684.8,360.3692307692308
2024-06-12,7,4886.71,698.1014285714285
2024-06-13,11,4259.73,387.24818181818176
2024-06-14,5,1932.62,386.524
2024-06-15,12,6589.37,549.1141666666666
2024-06-16,7,3170.25,452.89285714285717
2024-06-17,6,1392.81,232.135
2024-06-18,8,2151.17,268.89625
2024-06-19,12,4868.62,405.7183333333333
2024-06-20,11,5228.65,475.33181818181816
2024-06-21,4,2639.91,659.9775
2024-06-22,9,2445.65,271.7388888888889
2024-06-23,7,1530.88,218.69714285714286
2024-06-24,8,4492.28,561.535
2024-06-25,8,2053.48,256.685
2024-06-26,10,4026.37,402.637
2024-06-27,6,2627.32,437.8866666666667
2024-06-28,5,1177.3,235.45999999999998
2024-06-29,9,2876.67,319.63
2024-06-30,6,4220.04,703.34
2024-07-01,8,3962.04,495.255
2024-07-02,7,4280.64,611.5200000000001
2024-07-03,10,3917.25,391.725
2024-07-04,5,2382.23,476.446
2024-07-05,9,4638.81,515.4233333333334
2024-07-06,4,2181.41,545.3525
2024-07-07,9,3836.03,426.22555555555556
2024-07-08,5,4780.73,956.146
2024-07-09,1,1094.64,1094.64
2024-07-10,7,3633.34,519.0485714285714
2024-07-11,4,1741.74,435.435
2024-07-12,8,2398.15,299.76875
2024-07-13,7,2653.53,379.0757142857143
2024-07-14,9,3790.2599999999998,421.14
2024-07-15,8,3286.26,410.7825
2024-07-16,6,2503.43,417.2383333333333
2024-07-17,7,2973.84,424.8342857142857
2024-07-18,10,4000.0499999999997,400.005
2024-07-19,10,5337.85,533.7850000000001
2024-07-20,6,2001.69,333.615
2024-07-21,5,2549.7,509.93999999999994
2024-07-22,3,1077.1,359.0333333333333
2024-07-23,6,2430.83,405.1383333333333
2024-07-24,4,1080.95,270.2375
2024-07-25,5,2469.16,493.832
2024-07-26,8,2506.7400000000002,313.34250000000003
2024-07-27,4,1245.08,311.27
2024-07-28,8,2781.29,347.66125
2024-07-29,12,5255.71,437.97583333333336
2024-07-30,10,3298.42,329.842
2024-07-31,5,4807.22,961.4440000000001
2024-08-01,10,3380.01,338.00100000000003
2024-08-02,5,1498.3899999999999,299.678
2024-08-03,2,921.3,460.65
2024-08-04,14,4895.14,349.65285714285716
2024-08-05,14,7161.5599999999995,511.53999999999996
2024-08-06,5,1174.51,234.902
2024-08-07,8,4247.31,530.91375
2024-08-08,10,5397.48,539.7479999999999
2024-08-09,5,3147.99,629.598
2024-08-10,8,4134.07,516.75875
2024-08-11,5,3049.9900000000002,609.998
2024-08-12,8,3844.3,480.5375
2024-08-13,1,346.18,346.18
2024-08-14,7,3010.8599999999997,430.1228571428571
2024-08-15,5,2271.73,454.346
2024-08-16,11,5674.36,515.8509090909091
2024-08-17,2,255.09,127.545
2024-08-18,8,4834.83,604.35375
2024-08-19,14,9851.04,703.6457142857143
2024-08-20,6,3794.15,632.3583333333333
2024-08-21,12,8379.869999999999,698.3224999999999
2024-08-22,6,4213.77,702.2950000000001
2024-08-23,7,6443.8,920.5428571428572
2024-08-24,7,3381.25,483.0357142857143
2024-08-25,10,7047.31,704.731
2024-08-26,5,2612.23,522.446
2024-08-27,6,2763.66,460.60999999999996
2024-08-28,6,4675.61,779.2683333333333
2024-08-29,8,4218.61,527.32625
2024-08-30,6,4548.41,758.0683333333333
2024-08-31,7,2900.09,414.29857142857145
2024-09-01,11,3141.16,285.56
2024-09-02,5,1575.88,315.17600000000004
2024-09-03,7,2649.22,378.46
2024-09-04,9,2809.64,312.1822222222222
2024-09-05,5,1331.71,266.342
2024-09-06,9,2525.28,280.5866666666667
2024-09-07,4,2926.9,731.725
2024-09-08,6,2689.45,448.2416666666666
2024-09-09,7,1501.1599999999999,214.45142857142855
2024-09-10,2,601.53,300.765
2024-09-11,5,1200.55,240.10999999999999
2024-09-12,7,2666.1,380.87142857142857
2024-09-13,14,4707.73,336.26642857142855
2024-09-14,5,1200.68,240.13600000000002
2024-09-15,10,2390.13,239.013
2024-09-16,6,3051.29,508.54833333333335
2024-09-17,8,2088.57,261.07125
2024-09-18,6,2420.27,403.37833333333333
2024-09-19,6,1464.19,244.03166666666667
2024-09-20,4,624.01,156.0025
2024-09-21,9,2339.5099999999998,259.94555555555553
2024-09-22,6,1670.15,278.35833333333335
2024-09-23,2,346.4,173.2
2024-09-24,6,1667.3600000000001,277.8933333333334
2024-09-25,13,3690.35,283.8730769230769
2024-09-26,8,1839.93,229.99125
2024-09-27,5,2215.54,443.108
2024-09-28,6,973.75,162.29166666666666
2024-09-29,5,1701.47,340.294
2024-09-30,8,1747.71,218.46375
2024-10-01,6,1790.02,298.33666666666664
2024-10-02,13,2762.5099999999998,212.5007692307692
2024-10-03,5,806.48,161.296
2024-10-04,6,1591.42,265.2366666666667
2024-10-05,9,2004.96,222.77333333333334
2024-10-06,7,2611.39,373.05571428571426
2024-10-07,5,905.65,181.13
2024-10-08,8,3967.97,495.99625
2024-10-09,9,2609.79,289.9766666666667
2024-10-10,6,1488.4099999999999,248.0683333333333
2024-10-11,6,714.59,119.09833333333334
2024-10-12,3,447.72,149.24
2024-10-13,7,903.52,129.0742857142857
2024-10-14,7,3312.79,473.2557142857143
2024-10-15,14,5329.45,380.675
2024-10-16,12,4079.57,339.9641666666667
2024-10-17,7,1929.9,275.7
2024-10-18,7,3036.31,433.75857142857143
2024-10-19,11,3531.85,321.0772727272727
2024-10-20,5,1435.94,287.188
2024-10-21,10,2694.96,269.496
2024-10-22,7,1382.88,197.55428571428573
2024-10-23,9,3128.8,347.64444444444445
2024-10-24,8,3173.91,396.73875
2024-10-25,4,1231.79,307.9475
2024-10-26,4,914.61,228.6525
2024-10-27,6,1418.26,236.37666666666667
2024-10-28,12,4441.3,370.10833333333335
2024-10-29,7,1038.63,148.3757142857143
2024-10-30,8,1227.06,153.3825
2024-10-31,8,2382.2,297.775
2024-11-01,6,1967.59,327.9316666666667
2024-11-02,10,4631.42,463.142
2024-11-03,9,4346.13,482.90333333333336
2024-11-04,4,732.11,183.0275
2024-11-05,7,2348.4,335.4857142857143
2024-11-06,10,5431.39,543.139
2024-11-07,9,2823.72,313.74666666666667
2024-11-08,13,4774.3,367.25384615384615
2024-11-09,4,695.47,173.8675
2024-11-10,5,5738.23,1147.646
2024-11-11,7,4905.42,700.7742857142857
2024-11-12,5,2436.5,487.3
2024-11-13,12,5335.72,444.6433333333334
2024-11-14,9,5670.79,630.0877777777778
2024-11-15,8,2547.15,318.39375
2024-11-16,6,1718.24,286.37333333333333
2024-11-17,4,2125.62,531.405
2024-11-18,10,6872.9400000000005,687.2940000000001
2024-11-19,9,5611.14,623.46
2024-11-20,9,2863.64,318.1822222222222
2024-11-21,7,2992.08,427.44
2024-11-22,2,1276.72,638.36
2024-11-23,8,3692.49,461.56125
2024-11-24,10,4026.6899999999996,402.669
2024-11-25,5,1590.39,318.07800000000003
2024-11-26,9,3691.34,410.1488888888889
2024-11-27,9,4988.72,554.3022222222222
2024-11-28,3,2126.15,708.7166666666667
2024-11-29,9,2921.33,324.59222222222223
2024-11-30,10,3761.7000000000003,376.17
2024-12-01,6,2776.16,462.6933333333333
2024-12-02,10,4219.04,421.904
2024-12-03,6,2260.96,376.82666666666665
2024-12-04,4,1149.97,287.4925
2024-12-05,6,2571.48,428.58
2024-12-06,6,2517.9,419.65000000000003
2024-12-07,4,3457.69,864.4225
2024-12-08,5,1263.8899999999999,252.77799999999996
2024-12-09,10,6297.76,629.7760000000001
2024-12-10,8,1840.01,230.00125
2024-12-11,7,3252.38,464.6257142857143
2024-12-12,6,3164.54,527.4233333333333
2024-12-13,7,3869.98,552.8542857142858
2024-12-14,4,1833.41,458.3525
2024-12-15,4,1446.23,361.5575
2024-12-16,8,2328.23,291.02875
2024-12-17,4,1609.02,402.255
2024-12-18,9,3759.16,417.6844444444444
2024-12-19,5,1885.75,377.15
2024-12-20,10,3348.89,334.889
2024-12-21,6,2548.15,424.69166666666666
2024-12-22,11,6420.22,583.6563636363636
2024-12-23,11,3184.15,289.46818181818185
2024-12-24,8,3965.02,495.6275
2024-12-25,7,5938.01,848.2871428571428
2024-12-26,10,4314.76,431.476
2024-12-27,13,4940.83,380.06384615384616
2024-12-28,7,2605.88,372.2685714285714
2024-12-29,7,4341.66,620.2371428571429
2024-12-30,6,2112.63,352.105
2024-12-31,7,3575.96,510.8514285714286
2025-01-01,4,2881.36,720.34
2025-01-02,10,3169.09,316.909
2025-01-03,7,2854.09,407.7271428571429
2025-01-04,4,3013.29,753.3225
2025-01-05,5,4037.63,807.5260000000001
2025-01-06,10,3085.02,308.502
2025-01-07,9,5456.29,606.2544444444444
2025-01-08,9,4634.28,514.92
2025-01-09,11,2881.12,261.92
2025-01-10,6,2718.96,453.16
2025-01-11,10,5488.99,548.899
2025-01-12,10,6418.49,641.8489999999999
2025-01-13,7,2958.5299999999997,422.6471428571428
2025-01-14,6,4773.95,795.6583333333333
2025-01-15,9,3375.9,375.1
2025-01-16,8,3812.1,476.5125
2025-01-17,10,5087.99,508.799
2025-01-18,7,3127.24,446.7485714285714
2025-01-19,6,2523.45,420.575
2025-01-20,4,1991.23,497.8075
2025-01-21,5,1996.78,399.356
2025-01-22,4,1912.92,478.23
2025-01-23,7,1549.97,221.42428571428573
2025-01-24,10,4758.03,475.803
2025-01-25,6,3072.1,512.0166666666667
2025-01-26,6,2674.42,445.7366666666667
2025-01-27,9,4425.07,491.6744444444444
2025-01-28,8,4841.84,605.23
2025-01-29,13,6732.79,517.906923076923
2025-01-30,10,4032.38,403.238
2025-01-31,11,3336.55,303.32272727272726
2025-02-01,9,4839.09,537.6766666666667
2025-02-02,6,3820.08,636.68
2025-02-03,9,2462.77,273.6411111111111
2025-02-04,9,4131.17,459.0188888888889
2025-02-05,8,2118.5299999999997,264.81624999999997
2025-02-06,7,4912.09,701.7271428571429
2025-02-07,5,3214.92,642.984
2025-02-08,4,1130.36,282.59
2025-02-09,5,1973.91,394.78200000000004
2025-02-10,7,2602.36,371.7657142857143
2025-02-11,8,2570.9,321.3625
2025-02-12,6,1393.31,232.21833333333333
2025-02-13,2,326.39,163.195
2025-02-14,6,2098.87,349.81166666666667
2025-02-15,9,3500.46,388.94
2025-02-16,7,3683.0499999999997,526.15
2025-02-17,6,1955.36,325.8933333333333
2025-02-18,13,5115.22,393.47846153846154
2025-02-19,9,3894.38,432.7088888888889
2025-02-20,8,3816.5,477.0625
2025-02-21,8,3218.07,402.25875
2025-02-22,10,3969.31,396.931
2025-02-23,7,2265.68,323.6685714285714
2025-02-24,6,1932.27,322.045
2025-02-25,4,2836.1,709.025
2025-02-26,7,4262.98,608.9971428571428
2025-02-27,5,2279.79,455.95799999999997
2025-02-28,5,1767.47,353.494
2025-03-01,6,1141.43,190.23833333333334
2025-03-02,12,2907.9900000000002,242.3325
2025-03-03,11,3541.97,321.99727272727273
2025-03-04,9,2440.3,271.14444444444445
2025-03-05,12,3116.19,259.6825
2025-03-06,9,4006.37,445.15222222222224
2025-03-07,8,2442.27,305.28375
2025-03-08,5,1202.73,240.546
2025-03-09,5,914.89,182.978
2025-03-10,11,4255.13,386.83
2025-03-11,6,4031.45,671.9083333333333
2025-03-12,6,4591.04,765.1733333333333
2025-03-13,7,3186.16,455.1657142857143
2025-03-14,8,1780.44,222.555
2025-03-15,6,2088.29,348.04833333333335
2025-03-16,13,4789.37,368.4130769230769
2025-03-17,8,2540.31,317.53875
2025-03-18,8,2064.6,258.075
2025-03-19,8,1383.74,172.9675
2025-03-20,10,3904.03,390.403
2025-03-21,4,489.77,122.4425
2025-03-22,10,1880.06,188.006
2025-03-23,6,2288.16,381.35999999999996
2025-03-24,10,3746.37,374.637
2025-03-25,10,3328.42,332.842
2025-03-26,8,3949.57,493.69625
2025-03-27,6,1764.84,294.14
2025-03-28,3,1222.2,407.40000000000003
2025-03-29,7,2083.88,297.69714285714286
2025-03-30,9,2872.9900000000002,319.22111111111116
2025-03-31,8,1856.45,232.05625
2025-04-01,11,4033.43,366.67545454545456
2025-04-02,8,2553.56,319.195
2025-04-03,4,951.5500000000001,237.88750000000002
2025-04-04,4,1256.06,314.015
2025-04-05,9,2415.17,268.3522222222222
2025-04-06,3,689.6899999999999,229.89666666666665
2025-04-07,9,2167.25,240.80555555555554
2025-04-08,6,1399.9199999999998,233.31999999999996
2025-04-09,7,1895.65,270.8071428571429
2025-04-10,10,4894.29,489.429
2025-04-11,6,2510.7400000000002,418.4566666666667
2025-04-12,8,1867.45,233.43125
2025-04-13,8,3067.64,383.455
2025-04-14,6,1882.98,313.83
2025-04-15,10,1762.34,176.23399999999998
2025-04-16,8,2437.89,304.73625
2025-04-17,4,1895.8300000000002,473.95750000000004
2025-04-18,3,1160.81,386.93666666666667
2025-04-19,9,2505.15,278.35
2025-04-20,6,1119.44,186.57333333333335
2025-04-21,6,828.11,138.01833333333335
2025-04-22,8,2317.9900000000002,289.74875000000003
2025-04-23,6,1455.4299999999998,242.57166666666663
2025-04-24,6,911.83,151.97166666666666
2025-04-25,8,2959.26,369.9075
2025-04-26,6,1619.8,269.96666666666664
2025-04-27,8,1470.26,183.7825
2025-04-28,5,614.1,122.82000000000001
2025-04-29,10,2960.48,296.048
2025-04-30,7,2902.91,414.70142857142855
2025-05-01,6,1559.85,259.97499999999997
2025-05-02,6,1978.6399999999999,329.7733333333333
2025-05-03,6,1820.26,303.37666666666667
2025-05-04,6,1042.37,173.72833333333332
2025-05-05,3,751.64,250.54666666666665
2025-05-06,8,2333.36,291.67
2025-05-07,4,402.73,100.6825
2025-05-08,8,2831.74,353.9675
2025-05-09,12,3188.58,265.715
2025-05-10,3,713.08,237.69333333333336
2025-05-11,8,2180.11,272.51375
2025-05-12,3,311.99,103.99666666666667
2025-05-13,5,701.85,140.37
2025-05-14,8,1768.38,221.0475
2025-05-15,7,2521.32,360.18857142857144
2025-05-16,4,1313.74,328.435
2025-05-17,8,1635.46,204.4325
2025-05-18,7,1512.1,216.0142857142857
2025-05-19,5,470.65,94.13
2025-05-20,5,2062.06,412.412
2025-05-21,8,2387.8,298.475
2025-05-22,10,2903.83,290.383
2025-05-23,9,3623.4900000000002,402.61
2025-05-24,13,3627.7400000000002,279.0569230769231
2025-05-25,5,1374.49,274.898
2025-05-26,5,2154.46,430.892
2025-05-27,3,2461.71,820.57
2025-05-28,5,3245.68,649.136
2025-05-29,7,4325.02,617.86
2025-05-30,3,2049.56,683.1866666666666
2025-05-31,6,1703.93,283.98833333333334
2025-06-01,7,4413.99,630.5699999999999
2025-06-02,15,6371.76,424.784
2025-06-03,7,2950.52,421.5028571428571
2025-06-04,13,5320.8099999999995,409.2930769230769
2025-06-05,7,2664.71,380.67285714285714
2025-06-06,13,8065.53,620.4253846153846
2025-06-07,8,2680.19,335.02375
2025-06-08,12,6144.7,512.0583333333333
2025-06-09,2,651.69,325.845
2025-06-10,11,5079.24,461.7490909090909
2025-06-11,7,2492.1,356.0142857142857
2025-06-12,6,3458.41,576.4016666666666
2025-06-13,7,3595.34,513.62
2025-06-14,2,978.33,489.165
2025-06-15,5,2055.48,411.096
2025-06-16,8,3400.0499999999997,425.00624999999997
2025-06-17,5,2084.42,416.884
2025-06-18,6,3021.54,503.59
2025-06-19,8,2685.19,335.64875
2025-06-20,9,1801.87,200.20777777777778
2025-06-21,10,6516.72,651.672
2025-06-22,10,4776.69,477.669
2025-06-23,6,2085.48,347.58
2025-06-24,6,3050.67,508.445
2025-06-25,6,3055.44,509.24
2025-06-26,6,1577.63,262.93833333333333
2025-06-27,14,4763.74,340.26714285714286
2025-06-28,6,2045.05,340.84166666666664
2025-06-29,13,9043.38,695.6446153846153
2025-06-30,7,3022.61,431.8014285714286
2025-07-01,12,5233.31,436.1091666666667
2025-07-02,7,3843.7799999999997,549.1114285714285
2025-07-03,12,6453.37,537.7808333333334
2025-07-04,3,395.27,131.75666666666666
2025-07-05,3,2844.01,948.0033333333334
2025-07-06,4,1462.6,365.65
2025-07-07,9,3686.66,409.62888888888887
2025-07-08,7,3463.88,494.84000000000003
2025-07-09,8,3281.8399999999997,410.22999999999996
2025-07-10,6,1993.9,332.31666666666666
2025-07-11,14,6875.25,491.0892857142857
2025-07-12,7,2361.46,337.3514285714286
2025-07-13,11,3398.59,308.9627272727273
2025-07-14,7,2585.75,369.39285714285717
2025-07-15,4,1129.06,282.265
2025-07-16,9,3232.06,359.11777777777775
2025-07-17,2,685.15,342.575
2025-07-18,9,7921.78,880.1977777777778
2025-07-19,10,5152.71,515.271
2025-07-20,7,1644.49,234.92714285714285
2025-07-21,9,1560.1,173.34444444444443
2025-07-22,9,3982.79,442.53222222222223
2025-07-23,2,762.6999999999999,381.34999999999997
2025-07-24,4,963.12,240.78
2025-07-25,8,3100.04,387.505
2025-07-26,7,2789.05,398.4357142857143
2025-07-27,4,1576.16,394.04
2025-07-28,9,6648.48,738.7199999999999
2025-07-29,11,4435.34,403.2127272727273
2025-07-30,4,2217.8199999999997,554.4549999999999
2025-07-31,11,3938.89,358.0809090909091
2025-08-01,3,1679.65,559.8833333333333
2025-08-02,7,2028.8400000000001,289.8342857142857
2025-08-03,10,4700.01,470.00100000000003
2025-08-04,7,3702.04,528.8628571428571
2025-08-05,5,1717.78,343.556
2025-08-06,6,2557.56,426.26
2025-08-07,10,5094.5,509.45
2025-08-08,9,2359.36,262.1511111111111
2025-08-09,6,1466.89,244.48166666666668
2025-08-10,7,1556.57,222.36714285714285
2025-08-11,8,3483.71,435.46375
2025-08-12,5,1821.05,364.21
2025-08-13,7,4470.4,638.6285714285714
2025-08-14,8,2787.73,348.46625
2025-08-15,8,4085.75,510.71875
2025-08-16,11,6949.32,631.7563636363636
2025-08-17,8,3395.4,424.425
2025-08-18,9,3779.92,419.99111111111114
2025-08-19,3,2662.3199999999997,887.4399999999999
2025-08-20,6,3128.46,521.41
2025-08-21,5,2703.15,540.63
2025-08-22,8,5039.99,629.99875
2025-08-23,5,1992.93,398.586
2025-08-24,5,2676.05,535.21
2025-08-25,7,2706.46,386.63714285714286
2025-08-26,10,6281.19,628.1189999999999
2025-08-27,7,4850.61,692.9442857142857
2025-08-28,7,1839.6100000000001,262.8014285714286
2025-08-29,7,3824.98,546.4257142857143
2025-08-30,6,1463.92,243.98666666666668
2025-08-31,6,2027.48,337.91333333333336
2025-09-01,7,1742.1,248.87142857142857
2025-09-02,11,3870.54,351.86727272727273
2025-09-03,7,3062.79,437.5414285714286
2025-09-04,7,2439.32,348.4742857142857
2025-09-05,13,4097.66,315.20461538461535
2025-09-06,3,731.27,243.75666666666666
2025-09-07,5,3072.18,614.4359999999999
2025-09-08,7,2334.2799999999997,333.4685714285714
2025-09-09,6,2422.28,403.71333333333337
2025-09-10,5,1055.81,211.16199999999998
2025-09-11,7,3079.7,439.95714285714286
2025-09-12,4,840.09,210.0225
2025-09-13,8,2526.13,315.76625
2025-09-14,6,1728.6399999999999,288.1066666666666
2025-09-15,8,3427.33,428.41625
2025-09-16,10,2160.5,216.05
2025-09-17,7,2531.59,361.6557142857143
2025-09-18,2,279.9,139.95
2025-09-19,7,1062.3500000000001,151.76428571428573
2025-09-20,6,4680.92,780.1533333333333
2025-09-21,10,3148.75,314.875
2025-09-22,6,1608.99,268.165
2025-09-23,7,2658.52,379.7885714285714
2025-09-24,6,1379.98,229.99666666666667
2025-09-25,6,1444.48,240.74666666666667
2025-09-26,10,2956.13,295.613
2025-09-27,3,473.53000000000003,157.84333333333333
2025-09-28,15,3487.35,232.48999999999998
2025-09-29,14,5126.07,366.1478571428571
2025-09-30,2,520.77,260.385
2025-10-01,11,2192.83,199.3481818181818
2025-10-02,12,3049.89,254.1575
2025-10-03,14,2799.94,199.99571428571429
2025-10-04,10,3690.37,369.037
2025-10-05,7,1727.17,246.73857142857145
2025-10-06,11,3904.32,354.9381818181818
2025-10-07,6,1247.38,207.89666666666668
2025-10-08,6,2172.69,362.115
2025-10-09,10,3073.97,307.397
2025-10-10,4,995.98,248.995
2025-10-11,10,2723.88,272.38800000000003
2025-10-12,10,4927.89,492.78900000000004
2025-10-13,8,2124.35,265.54375
2025-10-14,9,1885.09,209.45444444444445
2025-10-15,6,2039.62,339.93666666666667
2025-10-16,8,3027.09,378.38625
2025-10-17,6,1365.2,227.53333333333333
2025-10-18,2,1439.15,719.575
2025-10-19,3,1342.25,447.4166666666667
2025-10-20,11,3885.56,353.2327272727273
2025-10-21,5,1491.13,298.226
2025-10-22,8,1655.3600000000001,206.92000000000002
2025-10-23,5,1456.6,291.32
2025-10-24,7,1887.11,269.58714285714285
2025-10-25,4,1709.4499999999998,427.36249999999995
2025-10-26,11,3172.04,288.36727272727273
2025-10-27,12,2799.12,233.26
2025-10-28,7,2031.42,290.20285714285717
2025-10-29,2,408.85,204.425
2025-10-30,14,6154.04,439.57428571428574
2025-10-31,4,1065.44,266.36
2025-11-01,6,1622.06,270.3433333333333
2025-11-02,11,6433.95,584.9045454545454
2025-11-03,4,3790.7200000000003,947.6800000000001
2025-11-04,4,1772.65,443.1625
2025-11-05,4,780.74,195.185
2025-11-06,10,5821.91,582.191
2025-11-07,8,2773.56,346.695
2025-11-08,9,3709.29,412.1433333333333
2025-11-09,7,3419.76,488.5371428571429
2025-11-10,11,3660.08,332.73454545454547
2025-11-11,10,5863.59,586.359
2025-11-12,8,2159.68,269.96
2025-11-13,5,1866.53,373.306
2025-11-14,9,2199.33,244.37
2025-11-15,11,7256.88,659.7163636363637
2025-11-16,14,4656.33,332.59499999999997
2025-11-17,12,4292.42,357.70166666666665
2025-11-18,10,5204.83,520.483
2025-11-19,7,2392.04,341.71999999999997
2025-11-20,9,3785.14,420.5711111111111
2025-11-21,10,6523.76,652.376
2025-11-22,8,2413.46,301.6825
2025-11-23,6,2916.51,486.08500000000004
2025-11-24,8,4962.139999999999,620.2674999999999
2025-11-25,5,1885.77,377.154
2025-11-26,9,3949.33,438.81444444444446
2025-11-27,4,1174.0,293.5
2025-11-28,7,3189.83,455.69
2025-11-29,6,4334.9,722.4833333333332
2025-11-30,6,3672.0699999999997,612.0116666666667
2025-12-01,6,2933.33,488.8883333333333
2025-12-02,9,3910.63,434.51444444444445
2025-12-03,8,2382.18,297.7725
2025-12-04,13,5015.05,385.7730769230769
2025-12-05,5,1091.92,218.38400000000001
2025-12-06,6,3222.8199999999997,537.1366666666667
2025-12-07,4,2274.0299999999997,568.5074999999999
2025-12-08,8,3558.27,444.78375
2025-12-09,10,5476.62,547.662
2025-12-10,9,3756.59,417.3988888888889
2025-12-11,5,627.87,125.574
2025-12-12,7,4947.19,706.7414285714285
2025-12-13,6,2214.23,369.03833333333336
2025-12-14,9,3175.01,352.7788888888889
2025-12-15,8,4619.55,577.44375
2025-12-16,8,2238.15,279.76875
2025-12-17,6,2432.02,405.33666666666664
2025-12-18,11,6979.66,634.5145454545454
2025-12-19,3,1243.9299999999998,414.64333333333326
2025-12-20,5,613.1,122.62
2025-12-21,5,2690.57,538.114
2025-12-22,7,2979.32,425.6171428571429
2025-12-23,5,1509.63,301.92600000000004
2025-12-24,8,1934.36,241.795
2025-12-25,9,2723.7599999999998,302.64
2025-12-26,7,3402.2,486.0285714285714
2025-12-27,14,6936.099999999999,495.43571428571425
2025-12-28,3,1253.4,417.8
2025-12-29,8,2664.89,333.11125
2025-12-30,14,7123.92,508.8514285714286
2025-12-31,6,2650.2799999999997,441.7133333333333
2026-01-01,9,2906.7,322.96666666666664
2026-01-02,6,4301.37,716.895
2026-01-03,6,2039.51,339.91833333333335
2026-01-04,6,4409.34,734.89
2026-01-05,4,2425.52,606.38
2026-01-06,7,2603.4900000000002,371.9271428571429
2026-01-07,5,3701.18,740.236
2026-01-08,4,814.76,203.69
2026-01-09,9,4941.22,549.0244444444445
2026-01-10,8,3016.59,377.07375
2026-01-11,9,5080.69,564.521111111111
2026-01-12,3,1138.6299999999999,379.5433333333333
2026-01-13,6,2531.11,421.8516666666667
2026-01-14,8,5273.91,659.23875
2026-01-15,5,2034.93,406.986
2026-01-16,7,4020.26,574.3228571428572
2026-01-17,8,4990.05,623.75625
2026-01-18,14,5970.59,426.4707142857143
2026-01-19,7,2739.13,391.30428571428575
2026-01-20,7,2523.87,360.55285714285714
2026-01-21,9,4994.95,554.9944444444444
2026-01-22,8,4032.96,504.12
2026-01-23,4,2977.95,744.4875
2026-01-24,7,2135.08,305.01142857142855
2026-01-25,9,3864.4700000000003,429.3855555555556
2026-01-26,7,3083.68,440.5257142857143
2026-01-27,13,5194.8,399.6
2026-01-28,4,1158.47,289.6175
2026-01-29,7,4160.6,594.3714285714286
2026-01-30,8,5508.49,688.56125
2026-01-31,10,6330.53,633.053
2026-02-01,3,1274.19,424.73
2026-02-02,6,3727.38,621.23
2026-02-03,15,6762.76,450.85066666666665
2026-02-04,4,1259.24,314.81
2026-02-05,7,2475.27,353.61
2026-02-06,7,4162.58,594.6542857142857
2026-02-07,9,2719.4,302.15555555555557
2026-02-08,8,1761.44,220.18
2026-02-09,6,2258.13,376.355
2026-02-10,9,3460.25,384.47222222222223
2026-02-11,6,3498.53,583.0883333333334
2026-02-12,8,3965.31,495.66375
2026-02-13,6,2061.01,343.5016666666667
2026-02-14,10,4578.26,457.826
2026-02-15,8,3328.35,416.04375
2026-02-16,3,1497.39,499.13000000000005
2026-02-17,3,603.85,201.28333333333333
2026-02-18,6,3034.5499999999997,505.75833333333327
2026-02-19,3,1122.34,374.1133333333333
2026-02-20,6,2431.84,405.3066666666667
2026-02-21,6,1823.79,303.965
2026-02-22,11,5848.03,531.6390909090909
2026-02-23,7,4254.63,607.8042857142857
2026-02-24,10,3443.94,344.394
2026-02-25,3,734.0,244.66666666666666
2026-02-26,6,1844.31,307.385
2026-02-27,6,1933.28,322.2133333333333
2026-02-28,5,2813.18,562.636
2026-03-01,11,3686.84,335.16727272727275
2026-03-02,4,779.45,194.8625
2026-03-03,7,1069.03,152.71857142857144
2026-03-04,8,1483.8799999999999,185.48499999999999
2026-03-05,11,3873.34,352.1218181818182
2026-03-06,3,1439.87,479.95666666666665
2026-03-07,5,1835.06,367.012
2026-03-08,12,2408.41,200.70083333333332
2026-03-09,6,1165.3999999999999,194.23333333333332
2026-03-10,7,2082.24,297.4628571428571
2026-03-11,13,2642.18,203.24461538461537
2026-03-12,8,2536.21,317.02625
2026-03-13,11,2963.69,269.42636363636365
2026-03-14,13,3884.5,298.8076923076923
2026-03-15,5,1450.64,290.12800000000004
2026-03-16,6,2029.46,338.24333333333334
2026-03-17,11,1702.8,154.79999999999998
2026-03-18,6,1153.54,192.25666666666666
2026-03-19,5,415.58,83.116
2026-03-20,11,2060.14,187.28545454545454
2026-03-21,9,1184.84,131.64888888888888
2026-03-22,9,3075.05,341.6722222222222
2026-03-23,6,1383.97,230.66166666666666
2026-03-24,5,605.5699999999999,121.11399999999999
2026-03-25,10,3280.79,328.079
2026-03-26,3,538.75,179.58333333333334
2026-03-27,4,845.52,211.38
2026-03-28,4,623.16,155.79
2026-03-29,9,2663.76,295.97333333333336
2026-03-30,8,3521.64,440.205
2026-03-31,6,1498.05,249.67499999999998
2026-04-01,10,2641.75,264.175
2026-04-02,8,3350.26,418.7825
2026-04-03,4,487.04,121.76
2026-04-04,4,992.36,248.09
2026-04-05,5,1352.02,270.404
2026-04-06,7,2212.11,316.0157142857143
2026-04-07,8,1367.3700000000001,170.92125000000001
2026-04-08,10,2788.79,278.879
2026-04-09,5,883.97,176.794
2026-04-10,5,1562.8,312.56
2026-04-11,7,2776.39,396.6271428571428
2026-04-12,10,2058.8,205.88000000000002
2026-04-13,7,2346.02,335.1457142857143
2026-04-14,8,2232.2799999999997,279.03499999999997
2026-04-15,7,2948.83,421.26142857142855
2026-04-16,2,203.79999999999998,101.89999999999999
2026-04-17,6,2801.63,466.93833333333333
2026-04-18,12,2110.23,175.8525
2026-04-19,7,2256.92,322.4171428571429
2026-04-20,5,2788.85,557.77
2026-04-21,5,1666.21,333.242
2026-04-22,4,911.02,227.755
2026-04-23,13,3583.69,275.66846153846154
2026-04-24,10,2264.17,226.417
2026-04-25,10,3146.59,314.659
2026-04-26,8,1474.78,184.3475
2026-04-27,6,2101.09,350.1816666666667
2026-04-28,6,1901.19,316.865
2026-04-29,5,705.95,141.19
2026-04-30,5,1471.28,294.256
2026-05-01,5,1380.63,276.12600000000003
2026-05-02,5,875.37,175.074
2026-05-03,11,3318.82,301.7109090909091
2026-05-04,8,2341.12,292.64
2026-05-05,7,2654.42,379.20285714285717
2026-05-06,6,1302.88,217.14666666666668
2026-05-07,7,1807.05,258.15
